insert into sis_empresa (id, nome, url, username, password, driver_class_name, initialize, namedb) VALUES (1, 'Empresa 1', 'jdbc:hsqldb:mem:testdb?shutdown=true', 'SA', '', 'org.hsqldb.jdbcDriver', true, 'opscadastro_segundo');
insert into pc_usuario(nome, email, fl_habilitado, senha, id_empresa, admin) values('marcelo', 'marcelo@com', true, 'marcelo', 1, false);
insert into pc_usuario_perm(email, role) values('marcelo@com', 'ROLE_USER');
insert into sis_empresa(id, nome, url, username, password, driver_class_name, initialize, namedb) VALUES (2, 'Empresa ops', 'jdbc:hsqldb:mem:testdb?shutdown=true', 'SA', '', 'org.hsqldb.jdbcDriver', true, 'opscadastro_segundo');
insert into pc_usuario(nome, email, fl_habilitado, senha, id_empresa, admin) values('Anderson', 'arodrigols@gmail.com', true, 'anderson', 2, false);
insert into pc_usuario_perm(email, role) values('arodrigols@gmail.com', 'ROLE_USER');
INSERT INTO sis_pais (id_pais, nome, codigo_ibge )  VALUES (1, 'Brasil', 1058);
INSERT INTO sis_estado (id_estados, uf, nome,  id_pais, codigo_ibge) VALUES  (01, 'AC', 'Acre',1,12);
INSERT INTO sis_estado (id_estados, uf, nome,  id_pais, codigo_ibge) VALUES  (02, 'AL', 'Alagoas',1,27);
INSERT INTO sis_estado (id_estados, uf, nome,  id_pais, codigo_ibge) VALUES  (03, 'AM', 'Amazonas',1,13);
INSERT INTO sis_estado (id_estados, uf, nome,  id_pais, codigo_ibge) VALUES  (04, 'AP', 'Amapá',1,16);
INSERT INTO sis_estado (id_estados, uf, nome,  id_pais, codigo_ibge) VALUES  (05, 'BA', 'Bahia',1,29);
INSERT INTO sis_estado (id_estados, uf, nome,  id_pais, codigo_ibge) VALUES  (06, 'CE', 'Ceará',1,23);
INSERT INTO sis_estado (id_estados, uf, nome,  id_pais, codigo_ibge) VALUES  (07, 'DF', 'Distrito Federal',1,53);
INSERT INTO sis_estado (id_estados, uf, nome,  id_pais, codigo_ibge) VALUES  (08, 'ES', 'Espírito Santo',1,32);
INSERT INTO sis_estado (id_estados, uf, nome,  id_pais, codigo_ibge) VALUES  (09, 'GO', 'Goiás',1,52);
INSERT INTO sis_estado (id_estados, uf, nome,  id_pais, codigo_ibge) VALUES  (10, 'MA', 'Maranhão',1,21);
INSERT INTO sis_estado (id_estados, uf, nome,  id_pais, codigo_ibge) VALUES  (11, 'MG', 'Minas Gerais',1,31);
INSERT INTO sis_estado (id_estados, uf, nome,  id_pais, codigo_ibge) VALUES  (12, 'MS', 'Mato Grosso do Sul',1,50);
INSERT INTO sis_estado (id_estados, uf, nome,  id_pais, codigo_ibge) VALUES  (13, 'MT', 'Mato Grosso',1,51);
INSERT INTO sis_estado (id_estados, uf, nome,  id_pais, codigo_ibge) VALUES  (14, 'PA', 'Pará',1,15);
INSERT INTO sis_estado (id_estados, uf, nome,  id_pais, codigo_ibge) VALUES  (15, 'PB', 'Paraíba',1,25);
INSERT INTO sis_estado (id_estados, uf, nome,  id_pais, codigo_ibge) VALUES  (16, 'PE', 'Pernambuco',1,26);
INSERT INTO sis_estado (id_estados, uf, nome,  id_pais, codigo_ibge) VALUES  (17, 'PI', 'Piauí',1,22);
INSERT INTO sis_estado (id_estados, uf, nome,  id_pais, codigo_ibge) VALUES  (18, 'PR', 'Paraná',1,41);
INSERT INTO sis_estado (id_estados, uf, nome,  id_pais, codigo_ibge) VALUES  (19, 'RJ', 'Rio de Janeiro',1,33);
INSERT INTO sis_estado (id_estados, uf, nome,  id_pais, codigo_ibge) VALUES  (20, 'RN', 'Rio Grande do Norte',1,24);
INSERT INTO sis_estado (id_estados, uf, nome,  id_pais, codigo_ibge) VALUES  (21, 'RO', 'Rondônia',1,11);
INSERT INTO sis_estado (id_estados, uf, nome,  id_pais, codigo_ibge) VALUES  (22, 'RR', 'Roraima',1,14);
INSERT INTO sis_estado (id_estados, uf, nome,  id_pais, codigo_ibge) VALUES  (23, 'RS', 'Rio Grande do Sul',1,43);
INSERT INTO sis_estado (id_estados, uf, nome,  id_pais, codigo_ibge) VALUES  (24, 'SC', 'Santa Catarina',1,42);
INSERT INTO sis_estado (id_estados, uf, nome,  id_pais, codigo_ibge) VALUES  (25, 'SE', 'Sergipe',1,28);
INSERT INTO sis_estado (id_estados, uf, nome,  id_pais, codigo_ibge) VALUES  (26, 'SP', 'São Paulo',1,35);
INSERT INTO sis_estado (id_estados, uf, nome,  id_pais, codigo_ibge) VALUES  (27, 'TO', 'Tocantins',1,17);
INSERT INTO sis_cidade (id_cidade, id_estado, nome, meso, micro, codigo_ibge, distr ) VALUES (2,24,'Nova Brasilândia D Oeste',1102,11005,1100148,110014805);
INSERT INTO sis_cidade (id_cidade, id_estado, nome, meso, micro, codigo_ibge, distr ) VALUES (4,24,'São Miguel do Guaporé',1102,11005,1100320,110032020);
INSERT INTO sis_cidade (id_cidade, id_estado, nome, meso, micro, codigo_ibge, distr ) VALUES (5,24,'Alvorada D Oeste',1102,11005,1100346,110034605);
INSERT INTO sis_cidade (id_cidade, id_estado, nome, meso, micro, codigo_ibge, distr ) VALUES (8,21,'Seringueiras',1102,11005,1101500,110150005);
insert into grupo(id,codigo,nome, id_empresa) values(2,'20','Grupo2',1);
insert into grupo(id,codigo,nome, id_empresa) values(3,'3','Grupo3',1);
insert into grupo(id,codigo,nome, id_empresa) values(4,'4','Grupo4',1);
insert into grupo(id,codigo,nome, id_empresa) values(300,'300','Grupo300',1);
insert into grupo(id,codigo,nome, id_empresa) values(400,'400','Grupo400',1);
insert into grupo(id,codigo,nome, id_empresa) values(500,'500','Grupo500',1);
insert into cargo_categoria(id,nome, id_empresa) values(500, 'categoria1', 1);
insert into cargo(id, codigo, nome, id_categoria, id_empresa) values(800, '800', 'cargo sdf', 500, 1);
insert into cargo(id, codigo, nome, id_categoria, id_empresa) values(801, '801', 'cargo sdf', 500, 1);
insert into cargo(id, codigo, nome, id_categoria, id_empresa) values(802, '802', 'cargo sdf', 500, 1);
insert into partido(id, sigla, descricao, id_empresa) values(1, '800', 'sdfsdf', 1);
insert into partido(id, sigla, descricao, id_empresa) values(2, '801', 'sdfsdf', 1);
insert into partido(id, sigla, descricao, id_empresa) values(30, '802', 'sdfsdf', 1);
insert into partido(id, sigla, descricao, id_empresa) values(40, '803', 'sdfsdf', 2);
insert into profissao_categoria(id,nome, id_empresa) values(500, 'categoria1', 1);
insert into profissao(id, codigo, nome, id_categoria, id_empresa) values(800, '800', 'profissao sdf', 500, 1);
insert into profissao(id, codigo, nome, id_categoria, id_empresa) values(801, '801', 'profissao sdf', 500, 1);
insert into profissao(id, codigo, nome, id_categoria, id_empresa) values(802, '802', 'profissao sdf', 500, 1);
insert into profissao(id, codigo, nome, id_categoria, id_empresa) values(803, '810', 'profissao sdf', 500, 1);
insert into area_atuacao(id, codigo, nome, id_empresa) values(800, '800', 'profissao sdf',  1);
insert into area_atuacao(id, codigo, nome, id_empresa) values(801, '801', 'profissao sdf',  1);
insert into area_atuacao(id, codigo, nome, id_empresa) values(802, '802', 'profissao sdf',  1);
insert into regional(id, nome, id_empresa, micro) values(100, 'regiao', 1, 'micro');
insert into regional(id, nome, id_empresa, micro) values(200, 'regiao2', 1, 'micro');
insert into pessoa_juridica (id, dtalteracao, dtinclusao, id_empresa, usuario_alteracao, usuario_inclusao, codigo, nome_contato, id_area_atuacao, cnpj, razao_social, sigla, email, email_outros, bairro, cep, id_cidade, fax, logradouro, tel_outro, tel_principal, tel_secundario, tp_ender_corresp, outras_informacoes, dtposse_responsavel, nome_responsavel, posicao_responsavel, tratamento_responsavel) values(100, CURDATE(), CURDATE(), 1, null, null, '100', 'nome contato', 800, 'sdfsdf', 'razao', 'sfsd', 'ddf', 'sdsf', 'sfsdf', 'sf', 2, 'sdf', 'sdf', 'sdfs', 'sdfsdf', 'C', 'CONTATO', 'sfsd', CURDATE(), 'nome resp', 'posiacao', 'trab');
insert into pessoa_fisica (id, dtalteracao, dtinclusao, id_empresa, usuario_alteracao, usuario_inclusao, codigo, apelido, criterio, dtnascimento, nome, sexo, tratamento, bairro, cep, id_cidade, correspondencia, encamin_correso, fax, logradouro, tel_outro, tel_principal, tel_secundario, tipo_endereco, facebook, id_partido, sessao, titulo_eleitor, zona, email, email_outros, outras_informacoes, id_profissao, twitter) values (200, null, current_date, 1, null, 'sdfdsf', 1, 'sadsa', 'sdf', current_date, 'nome', 'MASCULINO', '4345', 'bairro', 'APEN', 2, 'APENAS_PESSOAL', 'dasdsa', 's','sfsdf', 'sds', 'dsf', 'fsdf','COMERCIAL', 'asdsad', 1, 'dsf', '', '', 'email', '', '', 800, '');
insert into pessoa_fisica (id, dtalteracao, dtinclusao, id_empresa, usuario_alteracao, usuario_inclusao, codigo, apelido, criterio, dtnascimento, nome, sexo, tratamento, bairro, cep, id_cidade, correspondencia, encamin_correso, fax, logradouro, tel_outro, tel_principal, tel_secundario, tipo_endereco, facebook, id_partido, sessao, titulo_eleitor, zona, email, email_outros, outras_informacoes, id_profissao, twitter) values (201, null, current_date, 1, null, 'sdfdsf', 1, 'sadsa', 'sdf', current_date, 'nome', 'MASCULINO', '4345', 'bairro', 'APEN', 2, 'APENAS_PESSOAL', 'dasdsa', 's','sfsdf', 'sds', 'dsf', 'fsdf','COMERCIAL', 'asdsad', 1, 'dsf', '', '', 'email', '', '', 800, '');
insert into tipo_solicitacao(id, codigo, descricao, id_empresa, id_tema) values(800, '800', 'desc', 1, 1);
insert into tipo_solicitacao(id, codigo, descricao, id_empresa, id_tema) values(801, '801', 'desc 2', 1, 1);
insert into tipo_solicitacao(id, codigo, descricao, id_empresa, id_tema) values(802, '802', 'desc 2', 1, 1);
insert into expediente(id, codigo, nome, id_empresa) values(800, '800', 'desc', 1);
insert into expediente(id, codigo, nome, id_empresa) values(801, '801', 'desc 2', 1);
insert into expediente(id, codigo, nome, id_empresa) values(802, '802', 'desc 2', 1);
insert into situacao_solicitacao(id, codigo, nome, id_empresa) values(800, '800', 'desc', 1);
insert into situacao_solicitacao(id, codigo, nome, id_empresa) values(801, '801', 'desc 2', 1);
insert into situacao_solicitacao(id, codigo, nome, id_empresa) values(802, '802', 'desc 2', 1);
insert into responsavel(id, codigo, nome, id_empresa) values(800, '800', 'desc', 1);
insert into responsavel(id, codigo, nome, id_empresa) values(801, '801', 'desc 2', 1);
insert into responsavel(id, codigo, nome, id_empresa) values(802, '802', 'desc 2', 1);
insert into solicitacao(id, dtsolicitacao, dtencerramento, referencia, id_expediente, flbeneficiario, id_pessoa_fisica, id_pessoa_juridica, id_cidade, flinteressado, id_tipo_solicitacao, id_responsave, id_situacao, id_orgao_destino, id_localidade, descricao_tramite, id_empresa, codigo) values (803, current_date, current_date, 'referencia', 800, 'FISICO', 200, 100, 2, 'FISICO', 800, 800, 800, 100, 2, 'descricao_tramite  sdsdf', 1, 1);
insert into pc_usuario(id, nome, email, fl_habilitado, senha, id_empresa, admin) values(99, 'teste regional', 'regional@com', true, 'marcelo', 1, false);
insert into pc_usuario_perm(email, role) values('regional@com', 'ROLE_USER');
insert into pc_usuario_regional(codigo, tipo, id_usuario, id_empresa) values(2, 'C', 99, 1);
insert into pc_usuario_regional(codigo, tipo, id_usuario, id_empresa) values(200, 'R', 99, 1);
insert into pc_usuario(id, nome, email, fl_habilitado, senha, id_empresa, admin) values(100, 'teste regional', 'regional2@com', true, 'marcelo', 1, false);
insert into pc_usuario_perm(email, role) values('regional2@com', 'ROLE_USER');
insert into pc_usuario_regional(codigo, tipo, id_usuario, id_empresa) values(200, 'R', 99, 1);
insert into regional_cidade(id_cidade, id_regional, id_empresa) values(4, 200, 1);
insert into regional_cidade(id_cidade, id_regional, id_empresa) values(5, 200, 1);
insert into regional_cidade(id_cidade, id_regional, id_empresa) values(5, 100, 1);
insert into tema_solicitacao(id, descricao) values(801,  'desc 2');



